{
  "model": "ReGVD",
  "gnn_type": "GCN",
  "hidden_dim": 256,
  "window_size": 3,
  "test_original": {
    "acc": 60.88574618533681,
    "pr": 55.56261919898283,
    "rc": 71.28874388254486,
    "f1": 62.45087531261164
  },
  "robustness": {
    "obf_identifier": {
      "acc": 60.51358392259025,
      "pr": 55.623721881390594,
      "rc": 66.557911908646,
      "f1": 60.601559598960264,
      "delta_f1": -1.8493157136513787
    },
    "obf_deadcode": {
      "acc": 53.21920357275772,
      "pr": 49.29768917082012,
      "rc": 88.74388254486134,
      "f1": 63.38479464025634,
      "delta_f1": 0.9339193276446949
    },
    "obf_controlflow": {
      "acc": 58.243394119836246,
      "pr": 52.82916213275299,
      "rc": 79.20065252854812,
      "f1": 63.38120104438643,
      "delta_f1": 0.9303257317747864
    }
  }
}