{
  "originals": {
    "acc": 56.303370786516844,
    "pr": 52.083147631285506,
    "rc": 56.93398799781779,
    "f1": 54.384412302139715
  },
  "identifier": {
    "acc": 56.30087390761548,
    "pr": 53.052782634818996,
    "rc": 43.29514457174032,
    "f1": 47.090668016901795
  },
  "deadcode": {
    "acc": 50.24478581241413,
    "pr": 47.55987058319106,
    "rc": 83.41789416257502,
    "f1": 60.52209248089783
  },
  "controlflow": {
    "acc": 55.95131086142324,
    "pr": 52.00837235149297,
    "rc": 53.98799781778506,
    "f1": 52.455181567606424
  }
}