{
  "n_trials": 30,
  "subsample": 5000,
  "feature_source": "mean-pooled CPG node features (200-dim)",
  "classifiers": {
    "logreg": {
      "test_originals": {
        "acc_mean": 56.831460674157306,
        "acc_std": 0.6117302351440035,
        "pr_mean": 52.62374967179496,
        "pr_std": 0.6002293420907111,
        "rc_mean": 56.895799236224775,
        "rc_std": 1.549929592609176,
        "f1_mean": 54.66958392865322,
        "f1_std": 0.9427355982861639
      },
      "test_identifier": {
        "acc_mean": 56.88264669163546,
        "acc_std": 0.7001296969917339,
        "pr_mean": 53.74197703824716,
        "pr_std": 1.6501120594230572,
        "rc_mean": 44.92635024549919,
        "rc_std": 8.817615119466353,
        "f1_mean": 48.36584124871779,
        "f1_std": 4.531772209248482
      },
      "test_deadcode": {
        "acc_mean": 50.26601723491943,
        "acc_std": 1.1676955119573673,
        "pr_mean": 47.60532189828725,
        "pr_std": 0.6666684493162678,
        "rc_mean": 84.28259683578831,
        "rc_std": 4.684537504582137,
        "f1_mean": 60.77525861895796,
        "f1_std": 0.9418260979203583
      },
      "test_controlflow": {
        "acc_mean": 56.3832709113608,
        "acc_std": 1.1853082839231452,
        "pr_mean": 52.365661460771314,
        "pr_std": 1.4284020130831712,
        "rc_mean": 55.46917621385707,
        "rc_std": 7.462561449264343,
        "f1_mean": 53.56367596789639,
        "f1_std": 3.0913989567036433
      }
    },
    "svm_rbf": {
      "test_originals": {
        "acc_mean": 56.58052434456928,
        "acc_std": 0.9475063267014515,
        "pr_mean": 52.28580796067906,
        "pr_std": 1.0167811992965337,
        "rc_mean": 59.78450627386799,
        "rc_std": 2.854139079717083,
        "f1_mean": 55.733844393793945,
        "f1_std": 1.087869440459195
      },
      "test_identifier": {
        "acc_mean": 57.56304619225968,
        "acc_std": 0.7920224245827212,
        "pr_mean": 55.213901009221324,
        "pr_std": 2.051559122720121,
        "rc_mean": 42.09219858156028,
        "rc_std": 9.860402369971029,
        "f1_mean": 46.954412524303194,
        "f1_std": 5.614342309910374
      },
      "test_deadcode": {
        "acc_mean": 52.70887973023604,
        "acc_std": 3.0175324604447438,
        "pr_mean": 49.50942501517857,
        "pr_std": 2.7387529916692546,
        "rc_mean": 74.13256955810148,
        "rc_std": 13.926748778053824,
        "f1_mean": 58.41990627668974,
        "f1_std": 4.082410314052751
      },
      "test_controlflow": {
        "acc_mean": 55.99250936329587,
        "acc_std": 1.3828291546623903,
        "pr_mean": 51.88775321809996,
        "pr_std": 1.6671001143838153,
        "rc_mean": 60.88925259138025,
        "rc_std": 8.945416195704173,
        "f1_mean": 55.59443354912383,
        "f1_std": 3.1562181839683383
      }
    },
    "random_forest": {
      "test_originals": {
        "acc_mean": 57.223470661672906,
        "acc_std": 0.9107996836074894,
        "pr_mean": 54.74093040915992,
        "pr_std": 1.4738065883002298,
        "rc_mean": 37.82051282051282,
        "rc_std": 1.6191208659840333,
        "f1_mean": 44.7172666362161,
        "f1_std": 1.4211208136712314
      },
      "test_identifier": {
        "acc_mean": 56.9151061173533,
        "acc_std": 0.6898901707600074,
        "pr_mean": 55.93798090425731,
        "pr_std": 1.7356064078983722,
        "rc_mean": 28.12056737588653,
        "rc_std": 3.2328017970295297,
        "f1_mean": 37.291184929263494,
        "f1_std": 2.682150282882968
      },
      "test_deadcode": {
        "acc_mean": 54.63094792056949,
        "acc_std": 1.5334531048929234,
        "pr_mean": 51.259020167558134,
        "pr_std": 2.6286010323184277,
        "rc_mean": 40.845608292416806,
        "rc_std": 10.970651587666596,
        "f1_mean": 44.35845385226036,
        "f1_std": 6.270472319795987
      },
      "test_controlflow": {
        "acc_mean": 56.50936329588015,
        "acc_std": 0.90857234213805,
        "pr_mean": 54.10026372146163,
        "pr_std": 1.8956659241876628,
        "rc_mean": 34.39716312056738,
        "rc_std": 4.257644111456824,
        "f1_mean": 41.84472357386536,
        "f1_std": 2.781990180361564
      }
    },
    "mlp": {
      "test_originals": {
        "acc_mean": 55.7940074906367,
        "acc_std": 1.0563811886825452,
        "pr_mean": 51.8700284612435,
        "pr_std": 1.6740323336819316,
        "rc_mean": 59.792689579923625,
        "rc_std": 14.905802065305373,
        "f1_mean": 54.32693931978331,
        "f1_std": 7.167137114905902
      },
      "test_identifier": {
        "acc_mean": 55.64544319600499,
        "acc_std": 1.4028015877145834,
        "pr_mean": 52.3961599332168,
        "pr_std": 2.4541608531780397,
        "rc_mean": 49.536279323513355,
        "rc_std": 17.366360275226153,
        "f1_mean": 48.82878538539167,
        "f1_std": 9.824991914254207
      },
      "test_deadcode": {
        "acc_mean": 53.11477457224928,
        "acc_std": 2.8072836614791297,
        "pr_mean": 49.91838885631274,
        "pr_std": 3.0131428256476935,
        "rc_mean": 67.48772504091653,
        "rc_std": 18.898714761018184,
        "f1_mean": 55.53076717744383,
        "f1_std": 8.086744105345188
      },
      "test_controlflow": {
        "acc_mean": 54.99875156054932,
        "acc_std": 1.752465723223181,
        "pr_mean": 51.30514621155199,
        "pr_std": 2.4195725623269277,
        "rc_mean": 60.13366066557557,
        "rc_std": 16.57001381004523,
        "f1_mean": 53.852587541663056,
        "f1_std": 7.592595969725856
      }
    }
  }
}