{
  "clean": {
    "acc": 52.958801498127336,
    "pr": 49.249779346866724,
    "rc": 91.32569558101473,
    "f1": 63.99082568807339,
    "n": 2670
  },
  "ren": {
    "acc": 52.28464419475656,
    "pr": 48.86064855390009,
    "rc": 91.24386252045826,
    "f1": 63.641552511415526,
    "n": 2670
  },
  "dead": {
    "acc": 54.14012738853503,
    "pr": 49.95454545454546,
    "rc": 89.93453355155484,
    "f1": 64.23144360023379,
    "n": 2669
  },
  "cf": {
    "acc": 54.19475655430711,
    "pr": 49.97671169073125,
    "rc": 87.80687397708674,
    "f1": 63.6984268328881,
    "n": 2670
  },
  "ren_dead": {
    "acc": 53.8029224428625,
    "pr": 49.746660525103636,
    "rc": 88.379705400982,
    "f1": 63.660477453580896,
    "n": 2669
  },
  "ren_cf": {
    "acc": 54.64419475655431,
    "pr": 50.25858015984955,
    "rc": 87.47954173486089,
    "f1": 63.83995222454464,
    "n": 2670
  },
  "dead_cf": {
    "acc": 54.419475655430716,
    "pr": 50.142857142857146,
    "rc": 86.09975470155355,
    "f1": 63.37646704784833,
    "n": 2670
  },
  "compound": {
    "acc": 53.78277153558052,
    "pr": 49.73417109714838,
    "rc": 84.13736713000817,
    "f1": 62.51518833535844,
    "n": 2670
  },
  "_meta": {
    "model": "reveal_aug",
    "seed": 7,
    "aug_variants": [
      "originals",
      "obf_deadcode",
      "obf_controlflow"
    ]
  }
}