{
  "clean": {
    "acc": 53.89513108614232,
    "pr": 49.80323567993004,
    "rc": 93.20785597381342,
    "f1": 64.91878027928185,
    "n": 2670
  },
  "ren": {
    "acc": 53.25842696629214,
    "pr": 49.42781690140845,
    "rc": 91.89852700490998,
    "f1": 64.28162564396106,
    "n": 2670
  },
  "dead": {
    "acc": 54.10266017234919,
    "pr": 49.93234100135318,
    "rc": 90.58919803600655,
    "f1": 64.37917999418435,
    "n": 2669
  },
  "cf": {
    "acc": 53.48314606741573,
    "pr": 49.554367201426025,
    "rc": 90.99836333878886,
    "f1": 64.1661858049625,
    "n": 2670
  },
  "ren_dead": {
    "acc": 53.42825028100412,
    "pr": 49.52681388012618,
    "rc": 89.93453355155484,
    "f1": 63.876780005812265,
    "n": 2669
  },
  "ren_cf": {
    "acc": 53.445692883895134,
    "pr": 49.52893674293405,
    "rc": 90.34369885433715,
    "f1": 63.98145465082585,
    "n": 2670
  },
  "dead_cf": {
    "acc": 54.45692883895131,
    "pr": 50.161962054604345,
    "rc": 88.63450531479967,
    "f1": 64.0661938534279,
    "n": 2670
  },
  "compound": {
    "acc": 53.67041198501873,
    "pr": 49.67682363804247,
    "rc": 87.98037612428455,
    "f1": 63.499557391560934,
    "n": 2670
  },
  "_meta": {
    "model": "reveal_aug",
    "seed": 100,
    "aug_variants": [
      "originals",
      "obf_deadcode",
      "obf_controlflow"
    ]
  }
}