{
  "n_seeds": 5,
  "seeds": [
    42,
    1337,
    7,
    100,
    999
  ],
  "model": "reveal_noid",
  "note": "structural-only REVEAL (Word2Vec zeroed)",
  "clean": {
    "mean": 63.06,
    "std": 0.26,
    "vals": [
      63.25251974938709,
      62.89655172413793,
      63.45247991133278,
      62.99920655911134,
      62.72352132049519
    ]
  },
  "ren": {
    "mean": 63.07,
    "std": 0.26,
    "vals": [
      63.269754768392374,
      62.913907284768214,
      63.45247991133278,
      62.99920655911134,
      62.72352132049519
    ]
  },
  "dead": {
    "mean": 62.85,
    "std": 0.05,
    "vals": [
      62.854144805876174,
      62.85262325336145,
      62.93631761257661,
      62.82557221783741,
      62.79376815421178
    ]
  },
  "cf": {
    "mean": 62.92,
    "std": 0.2,
    "vals": [
      63.188559322033896,
      62.72060819983709,
      63.059701492537314,
      62.978283350568766,
      62.66914300875563
    ]
  },
  "ren_dead": {
    "mean": 62.85,
    "std": 0.05,
    "vals": [
      62.854144805876174,
      62.85262325336145,
      62.93631761257661,
      62.82557221783741,
      62.79376815421178
    ]
  },
  "ren_cf": {
    "mean": 62.93,
    "std": 0.2,
    "vals": [
      63.188559322033896,
      62.75787187839305,
      63.059701492537314,
      62.978283350568766,
      62.64932306875498
    ]
  },
  "dead_cf": {
    "mean": 62.96,
    "std": 0.07,
    "vals": [
      63.01652892561983,
      63.05137519460301,
      62.88981288981289,
      62.95723853683668,
      62.86451612903225
    ]
  },
  "compound": {
    "mean": 62.96,
    "std": 0.07,
    "vals": [
      63.01652892561983,
      63.05137519460301,
      62.88981288981289,
      62.95723853683668,
      62.86451612903225
    ]
  }
}