{
  "clean": {
    "acc": 49.250936329588015,
    "pr": 47.24409448818898,
    "rc": 93.28968903436989,
    "f1": 62.72352132049519,
    "n": 2670
  },
  "ren": {
    "acc": 49.250936329588015,
    "pr": 47.24409448818898,
    "rc": 93.28968903436989,
    "f1": 62.72352132049519,
    "n": 2670
  },
  "dead": {
    "acc": 47.208692394155115,
    "pr": 46.354775828460035,
    "rc": 97.29950900163666,
    "f1": 62.79376815421178,
    "n": 2669
  },
  "cf": {
    "acc": 47.30337078651685,
    "pr": 46.36827640361209,
    "rc": 96.64484451718495,
    "f1": 62.66914300875563,
    "n": 2670
  },
  "ren_dead": {
    "acc": 47.208692394155115,
    "pr": 46.354775828460035,
    "rc": 97.29950900163666,
    "f1": 62.79376815421178,
    "n": 2669
  },
  "ren_cf": {
    "acc": 47.30337078651685,
    "pr": 46.36542239685658,
    "rc": 96.56301145662847,
    "f1": 62.64932306875498,
    "n": 2670
  },
  "dead_cf": {
    "acc": 46.10486891385768,
    "pr": 45.92760180995475,
    "rc": 99.59116925592805,
    "f1": 62.86451612903225,
    "n": 2670
  },
  "compound": {
    "acc": 46.10486891385768,
    "pr": 45.92760180995475,
    "rc": 99.59116925592805,
    "f1": 62.86451612903225,
    "n": 2670
  },
  "_meta": {
    "model": "reveal_noid",
    "seed": 999,
    "struct_dim": 69,
    "total_dim": 169,
    "zeroed_dims": "69-168 (Word2Vec)"
  }
}