{
  "clean": {
    "acc": 55.1310861423221,
    "pr": 50.55045871559633,
    "rc": 90.18003273322422,
    "f1": 64.78542034097589,
    "n": 2670
  },
  "ren": {
    "acc": 52.99625468164793,
    "pr": 49.263063867798124,
    "rc": 90.26186579378069,
    "f1": 63.738803813926616,
    "n": 2670
  },
  "dead": {
    "acc": 53.01611090295991,
    "pr": 49.29390997352162,
    "rc": 91.40752864157119,
    "f1": 64.04816513761467,
    "n": 2669
  },
  "cf": {
    "acc": 54.19475655430711,
    "pr": 49.97738579828132,
    "rc": 90.42553191489363,
    "f1": 64.37518205651034,
    "n": 2670
  },
  "ren_dead": {
    "acc": 51.704758336455605,
    "pr": 48.54157596865477,
    "rc": 91.24386252045826,
    "f1": 63.370275646490484,
    "n": 2669
  },
  "ren_cf": {
    "acc": 52.24719101123596,
    "pr": 48.83002207505518,
    "rc": 90.50736497545007,
    "f1": 63.435618009750506,
    "n": 2670
  },
  "dead_cf": {
    "acc": 52.958801498127336,
    "pr": 49.2702344095533,
    "rc": 91.0874897792314,
    "f1": 63.94948335246843,
    "n": 2670
  },
  "compound": {
    "acc": 51.87265917602997,
    "pr": 48.647469458987786,
    "rc": 91.16925592804579,
    "f1": 63.44238975817923,
    "n": 2670
  },
  "_meta": {
    "model": "reveal_aug",
    "seed": 42,
    "aug_variants": [
      "originals",
      "obf_deadcode",
      "obf_controlflow"
    ]
  }
}