{
  "clean": {
    "acc": 47.60299625468164,
    "pr": 46.541617819460726,
    "rc": 97.46317512274959,
    "f1": 62.99920655911134,
    "n": 2670
  },
  "ren": {
    "acc": 47.60299625468164,
    "pr": 46.541617819460726,
    "rc": 97.46317512274959,
    "f1": 62.99920655911134,
    "n": 2670
  },
  "dead": {
    "acc": 47.05882352941176,
    "pr": 46.29701434664599,
    "rc": 97.70867430441899,
    "f1": 62.82557221783741,
    "n": 2669
  },
  "cf": {
    "acc": 46.36704119850187,
    "pr": 46.03174603174603,
    "rc": 99.67266775777414,
    "f1": 62.978283350568766,
    "n": 2670
  },
  "ren_dead": {
    "acc": 47.05882352941176,
    "pr": 46.29701434664599,
    "rc": 97.70867430441899,
    "f1": 62.82557221783741,
    "n": 2669
  },
  "ren_cf": {
    "acc": 46.36704119850187,
    "pr": 46.03174603174603,
    "rc": 99.67266775777414,
    "f1": 62.978283350568766,
    "n": 2670
  },
  "dead_cf": {
    "acc": 46.142322097378276,
    "pr": 45.9571267393757,
    "rc": 99.91823385118562,
    "f1": 62.95723853683668,
    "n": 2670
  },
  "compound": {
    "acc": 46.142322097378276,
    "pr": 45.9571267393757,
    "rc": 99.91823385118562,
    "f1": 62.95723853683668,
    "n": 2670
  },
  "_meta": {
    "model": "reveal_noid",
    "seed": 100,
    "struct_dim": 69,
    "total_dim": 169,
    "zeroed_dims": "69-168 (Word2Vec)"
  }
}