{
  "clean": {
    "acc": 51.83520599250936,
    "pr": 48.67330016583748,
    "rc": 96.07201309328968,
    "f1": 64.61199779856906,
    "n": 2670
  },
  "ren": {
    "acc": 50.524344569288395,
    "pr": 47.94178794178794,
    "rc": 94.35351882160393,
    "f1": 63.578715191618414,
    "n": 2670
  },
  "dead": {
    "acc": 51.442487823154735,
    "pr": 48.46473029045643,
    "rc": 95.5810147299509,
    "f1": 64.31718061674009,
    "n": 2669
  },
  "cf": {
    "acc": 51.573033707865164,
    "pr": 48.52267998335414,
    "rc": 95.41734860883797,
    "f1": 64.33103448275862,
    "n": 2670
  },
  "ren_dead": {
    "acc": 49.56912701386287,
    "pr": 47.454844006568145,
    "rc": 94.59901800327333,
    "f1": 63.203936577364686,
    "n": 2669
  },
  "ren_cf": {
    "acc": 49.9625468164794,
    "pr": 47.640728476821195,
    "rc": 94.18985270049099,
    "f1": 63.27652556349642,
    "n": 2670
  },
  "dead_cf": {
    "acc": 51.23595505617977,
    "pr": 48.35758835758836,
    "rc": 95.09403107113656,
    "f1": 64.11245865490628,
    "n": 2670
  },
  "compound": {
    "acc": 49.9250936329588,
    "pr": 47.65625,
    "rc": 94.76696647587899,
    "f1": 63.41997264021888,
    "n": 2670
  },
  "_meta": {
    "model": "reveal_aug",
    "seed": 999,
    "aug_variants": [
      "originals",
      "obf_deadcode",
      "obf_controlflow"
    ]
  }
}