{
  "clean": {
    "acc": 49.62546816479401,
    "pr": 47.44069912609238,
    "rc": 93.28968903436989,
    "f1": 62.89655172413793,
    "n": 2670
  },
  "ren": {
    "acc": 49.66292134831461,
    "pr": 47.460449625312236,
    "rc": 93.28968903436989,
    "f1": 62.913907284768214,
    "n": 2670
  },
  "dead": {
    "acc": 47.208692394155115,
    "pr": 46.36328276935045,
    "rc": 97.54500818330605,
    "f1": 62.85262325336145,
    "n": 2669
  },
  "cf": {
    "acc": 48.576779026217224,
    "pr": 46.93214140593255,
    "rc": 94.51718494271685,
    "f1": 62.72060819983709,
    "n": 2670
  },
  "ren_dead": {
    "acc": 47.208692394155115,
    "pr": 46.36328276935045,
    "rc": 97.54500818330605,
    "f1": 62.85262325336145,
    "n": 2669
  },
  "ren_cf": {
    "acc": 48.61423220973783,
    "pr": 46.95369618196588,
    "rc": 94.59901800327333,
    "f1": 62.75787187839305,
    "n": 2670
  },
  "dead_cf": {
    "acc": 46.666666666666664,
    "pr": 46.18015963511973,
    "rc": 99.34587080948486,
    "f1": 63.05137519460301,
    "n": 2670
  },
  "compound": {
    "acc": 46.666666666666664,
    "pr": 46.18015963511973,
    "rc": 99.34587080948486,
    "f1": 63.05137519460301,
    "n": 2670
  },
  "_meta": {
    "model": "reveal_noid",
    "seed": 1337,
    "struct_dim": 69,
    "total_dim": 169,
    "zeroed_dims": "69-168 (Word2Vec)"
  }
}