{
  "n_seeds": 5,
  "seeds": [
    42,
    1337,
    7,
    100,
    999
  ],
  "model": "reveal_aug",
  "aug_variants": [
    "originals",
    "obf_deadcode",
    "obf_controlflow"
  ],
  "clean": {
    "mean": 64.66,
    "std": 0.36,
    "vals": [
      64.78542034097589,
      65.01091703056768,
      63.99082568807339,
      64.91878027928185,
      64.61199779856906
    ]
  },
  "ren": {
    "mean": 63.87,
    "std": 0.27,
    "vals": [
      63.738803813926616,
      64.09287257019439,
      63.641552511415526,
      64.28162564396106,
      63.578715191618414
    ]
  },
  "dead": {
    "mean": 64.36,
    "std": 0.26,
    "vals": [
      64.04816513761467,
      64.83546369322818,
      64.23144360023379,
      64.37917999418435,
      64.31718061674009
    ]
  },
  "cf": {
    "mean": 64.27,
    "std": 0.34,
    "vals": [
      64.37518205651034,
      64.76034858387798,
      63.6984268328881,
      64.1661858049625,
      64.33103448275862
    ]
  },
  "ren_dead": {
    "mean": 63.55,
    "std": 0.24,
    "vals": [
      63.370275646490484,
      63.62660944206009,
      63.660477453580896,
      63.876780005812265,
      63.203936577364686
    ]
  },
  "ren_cf": {
    "mean": 63.68,
    "std": 0.27,
    "vals": [
      63.435618009750506,
      63.84470207603128,
      63.83995222454464,
      63.98145465082585,
      63.27652556349642
    ]
  },
  "dead_cf": {
    "mean": 64.06,
    "std": 0.46,
    "vals": [
      63.94948335246843,
      64.81026481026481,
      63.37646704784833,
      64.0661938534279,
      64.11245865490628
    ]
  },
  "compound": {
    "mean": 63.27,
    "std": 0.38,
    "vals": [
      63.44238975817923,
      63.47498655190963,
      62.51518833535844,
      63.499557391560934,
      63.41997264021888
    ]
  }
}