{
  "clean": {
    "acc": 50.59925093632959,
    "pr": 47.96816087138668,
    "rc": 93.6988543371522,
    "f1": 63.45247991133278,
    "n": 2670
  },
  "ren": {
    "acc": 50.59925093632959,
    "pr": 47.96816087138668,
    "rc": 93.6988543371522,
    "f1": 63.45247991133278,
    "n": 2670
  },
  "dead": {
    "acc": 47.883102285500186,
    "pr": 46.66139865665745,
    "rc": 96.64484451718495,
    "f1": 62.93631761257661,
    "n": 2669
  },
  "cf": {
    "acc": 48.08988764044943,
    "pr": 46.758893280632414,
    "rc": 96.80851063829788,
    "f1": 63.059701492537314,
    "n": 2670
  },
  "ren_dead": {
    "acc": 47.883102285500186,
    "pr": 46.66139865665745,
    "rc": 96.64484451718495,
    "f1": 62.93631761257661,
    "n": 2669
  },
  "ren_cf": {
    "acc": 48.08988764044943,
    "pr": 46.758893280632414,
    "rc": 96.80851063829788,
    "f1": 63.059701492537314,
    "n": 2670
  },
  "dead_cf": {
    "acc": 46.51685393258427,
    "pr": 46.095238095238095,
    "rc": 98.93704006541292,
    "f1": 62.88981288981289,
    "n": 2670
  },
  "compound": {
    "acc": 46.51685393258427,
    "pr": 46.095238095238095,
    "rc": 98.93704006541292,
    "f1": 62.88981288981289,
    "n": 2670
  },
  "_meta": {
    "model": "reveal_noid",
    "seed": 7,
    "struct_dim": 69,
    "total_dim": 169,
    "zeroed_dims": "69-168 (Word2Vec)"
  }
}