{
  "clean": {
    "acc": 49.47565543071161,
    "pr": 47.40710494079216,
    "rc": 95.00818330605566,
    "f1": 63.25251974938709,
    "n": 2670
  },
  "ren": {
    "acc": 49.51310861423221,
    "pr": 47.42647058823529,
    "rc": 95.00818330605566,
    "f1": 63.269754768392374,
    "n": 2670
  },
  "dead": {
    "acc": 46.94642188085425,
    "pr": 46.254826254826256,
    "rc": 98.03600654664486,
    "f1": 62.854144805876174,
    "n": 2669
  },
  "cf": {
    "acc": 47.940074906367045,
    "pr": 46.71104150352389,
    "rc": 97.62684124386251,
    "f1": 63.188559322033896,
    "n": 2670
  },
  "ren_dead": {
    "acc": 46.94642188085425,
    "pr": 46.254826254826256,
    "rc": 98.03600654664486,
    "f1": 62.854144805876174,
    "n": 2669
  },
  "ren_cf": {
    "acc": 47.940074906367045,
    "pr": 46.71104150352389,
    "rc": 97.62684124386251,
    "f1": 63.188559322033896,
    "n": 2670
  },
  "dead_cf": {
    "acc": 46.36704119850187,
    "pr": 46.055115137787844,
    "rc": 99.75470155355683,
    "f1": 63.01652892561983,
    "n": 2670
  },
  "compound": {
    "acc": 46.36704119850187,
    "pr": 46.055115137787844,
    "rc": 99.75470155355683,
    "f1": 63.01652892561983,
    "n": 2670
  },
  "_meta": {
    "model": "reveal_noid",
    "seed": 42,
    "struct_dim": 69,
    "total_dim": 169,
    "zeroed_dims": "69-168 (Word2Vec)"
  }
}