{
  "clean": {
    "acc": 51.98501872659176,
    "pr": 48.77149877149877,
    "rc": 97.46317512274959,
    "f1": 65.01091703056768,
    "n": 2670
  },
  "ren": {
    "acc": 50.187265917603,
    "pr": 47.82433521353747,
    "rc": 97.13584288052373,
    "f1": 64.09287257019439,
    "n": 2670
  },
  "dead": {
    "acc": 51.55488947171225,
    "pr": 48.55397148676171,
    "rc": 97.54500818330605,
    "f1": 64.83546369322818,
    "n": 2669
  },
  "cf": {
    "acc": 51.53558052434457,
    "pr": 48.53061224489796,
    "rc": 97.29950900163666,
    "f1": 64.76034858387798,
    "n": 2670
  },
  "ren_dead": {
    "acc": 49.19445485200449,
    "pr": 47.32641660015962,
    "rc": 97.05400981996726,
    "f1": 63.62660944206009,
    "n": 2669
  },
  "ren_cf": {
    "acc": 49.7752808988764,
    "pr": 47.6075593084037,
    "rc": 96.89034369885434,
    "f1": 63.84470207603128,
    "n": 2670
  },
  "dead_cf": {
    "acc": 51.72284644194757,
    "pr": 48.64754098360656,
    "rc": 97.05641864268193,
    "f1": 64.81026481026481,
    "n": 2670
  },
  "compound": {
    "acc": 49.13857677902622,
    "pr": 47.29458917835671,
    "rc": 96.4840556009812,
    "f1": 63.47498655190963,
    "n": 2670
  },
  "_meta": {
    "model": "reveal_aug",
    "seed": 1337,
    "aug_variants": [
      "originals",
      "obf_deadcode",
      "obf_controlflow"
    ]
  }
}