{
  "originals": {
    "f1_mean": 59.452748865351296,
    "f1_std": 0.8691142983230569,
    "acc_mean": 55.67253653053577,
    "pr_mean": 51.143639918549084,
    "rc_mean": 71.11384111384112,
    "delta_f1": 0.0,
    "all_f1": [
      58.20256776034237,
      60.56338028169014,
      60.824742268041234,
      59.952364749914935,
      59.50643030935002,
      58.09731299927379,
      59.73333333333334,
      59.79661016949153,
      58.7991718426501,
      59.05157493942541
    ]
  },
  "identifier": {
    "f1_mean": 53.370146440525595,
    "f1_std": 2.4382422898646348,
    "acc_mean": 57.017609591607346,
    "pr_mean": 53.25593229328022,
    "rc_mean": 54.09983633387888,
    "delta_f1": -6.082602424825701,
    "all_f1": [
      53.56995460173339,
      55.872291904218926,
      55.07462686567164,
      55.17774343122102,
      50.560286866875835,
      49.908088235294116,
      54.9366116019977,
      55.80152671755725,
      53.74203821656051,
      49.058295964125556
    ]
  },
  "deadcode": {
    "f1_mean": 61.04352109050647,
    "f1_std": 1.0370647327684928,
    "acc_mean": 52.983508245877054,
    "pr_mean": 49.24277443813041,
    "rc_mean": 80.58101472995091,
    "delta_f1": 1.5907722251551704,
    "all_f1": [
      59.909909909909906,
      61.77334116265414,
      62.410926365795724,
      61.98795180722891,
      60.60991105463786,
      59.69251336898396,
      61.488481984642654,
      62.30492196878752,
      60.719874804381845,
      59.537378478042235
    ]
  },
  "controlflow": {
    "f1_mean": 55.82344374314785,
    "f1_std": 2.455158719340719,
    "acc_mean": 58.07793180966654,
    "pr_mean": 54.18543712600048,
    "rc_mean": 58.2733224222586,
    "delta_f1": -3.629305122203448,
    "all_f1": [
      57.04870010984987,
      58.26538176426983,
      58.41874084919473,
      57.62463343108505,
      53.269813772195754,
      53.43915343915344,
      56.64783427495293,
      57.81370284834488,
      54.89566613162119,
      50.810810810810814
    ]
  }
}