{"test_originals": {"label": "Originals test", "accuracy": {"mean": 55.487698264018995, "std": 0.9490618345226227}, "precision": {"mean": 51.03883386543252, "std": 0.8253205986288937}, "recall": {"mean": 70.01911001911002, "std": 5.303936537314284}, "f1": {"mean": 58.931309001948215, "std": 1.5493505459037777}, "raw": [[56.16335706257025, 51.633568225496475, 66.01146601146601, 57.943925233644855], [54.852004496065945, 50.45351473922902, 72.8910728910729, 59.63149078726968], [53.95279130760584, 49.795918367346935, 79.93447993447992, 61.364350833071356], [55.11427500936681, 50.72100313479624, 66.25716625716626, 57.45738636363637], [54.96440614462345, 50.50558807876529, 77.72317772317773, 61.22580645161291], [56.35069314349944, 51.85185185185185, 64.20966420966421, 57.37285034760337], [55.63881603596853, 51.0837727006444, 71.41687141687142, 59.56284153005464], [54.627201198950914, 50.27352297592997, 75.26617526617527, 60.282059691702194], [55.151742225552645, 50.73260073260073, 68.05896805896806, 58.13221406086044], [55.45147995503934, 51.05820105820106, 63.22686322686323, 56.49469447493597], [53.95279130760584, 49.794238683127574, 79.27927927927928, 61.16903633491311], [55.11427500936681, 50.62263129399025, 76.57657657657657, 60.95176010430248], [55.71375046834021, 51.254019292604504, 65.27436527436528, 57.42074927953891], [54.215061820906705, 49.972482113373694, 74.36527436527437, 59.776168531928896], [55.976020981641064, 51.56889495225102, 61.91646191646192, 56.270934127279496], [55.71375046834021, 51.32203389830509, 61.99836199836199, 56.15727002967359], [55.4140127388535, 50.90909090909091, 71.0892710892711, 59.33014354066985], [57.961783439490446, 53.16698656429942, 68.05896805896806, 59.69827586206896], [55.788684900711885, 51.26934984520124, 67.81326781326781, 58.392101551480955], [56.76283252154365, 52.31513476157568, 61.99836199836199, 56.746626686656676], [55.63881603596853, 51.10053539559786, 70.35217035217035, 59.200551343900756], [54.814537279880106, 50.44091710758377, 70.27027027027027, 58.72689938398358], [56.80029973772949, 52.25165562913907, 64.61916461916462, 57.78103258879531], [55.75121768452605, 51.14810562571756, 72.97297297297297, 60.14174822814715], [54.32746346946422, 50.06009615384615, 68.22276822276822, 57.746967071057185], [54.10266017234919, 49.89506820566631, 77.88697788697789, 60.825071953949475], [56.83776695391533, 52.08459214501511, 70.5978705978706, 59.944367176634216], [55.26414387411015, 50.736497545008184, 76.16707616707616, 60.90373280943025], [56.912701386287004, 52.31572080887149, 65.68386568386569, 58.242556281771975], [55.301611090295985, 50.82742316784869, 70.43407043407043, 59.04565739787161]]}, "test_identifier": {"label": "Obf: identifier renaming", "accuracy": {"mean": 57.2124391157737, "std": 0.9758273938112928}, "precision": {"mean": 53.63574508286986, "std": 1.5641919466890277}, "recall": {"mean": 51.12656846699401, "std": 8.35784096385656}, "f1": {"mean": 51.89709284780685, "std": 4.089066856769012}, "raw": [[57.54964406144624, 54.536187563710506, 43.780687397708675, 48.57013163867453], [56.650430872986135, 52.43810952738185, 57.20130932896891, 54.71624266144814], [58.37392281753466, 54.15108451757666, 59.247135842880525, 56.584603360687765], [55.67628325215437, 51.76151761517615, 46.89034369885434, 49.20566766852726], [57.47470962907456, 53.30798479087453, 57.364975450081836, 55.26212061489949], [57.73698014237543, 54.47619047619048, 46.808510638297875, 50.352112676056336], [57.961783439490446, 54.20168067226891, 52.782324058919805, 53.482587064676615], [57.39977519670288, 53.30739299610895, 56.0556464811784, 54.64698843238931], [57.06257025103035, 53.83064516129033, 43.69885433715221, 48.23848238482385], [55.82615211689771, 51.924798567591765, 47.46317512274959, 49.59384352287302], [56.76283252154365, 52.17669654289373, 66.69394435351882, 58.54885057471264], [57.24990633195953, 53.17647058823529, 55.48281505728314, 54.30516619943933], [57.73698014237543, 54.24187725631769, 49.18166939443535, 51.58798283261803], [54.36493068565006, 50.12315270935961, 66.61211129296237, 57.20309205903021], [56.987635818658674, 54.613466334164585, 35.84288052373159, 43.280632411067195], [57.10003746721618, 55.41490857946554, 32.242225859247135, 40.76564924987067], [57.47470962907456, 53.41176470588235, 55.728314238952535, 54.54545454545454], [59.27313600599475, 57.234726688102896, 43.69885433715221, 49.559164733178655], [57.66204571000375, 54.925053533190585, 41.98036006546645, 47.58812615955473], [59.04833270887973, 57.70609318996416, 39.5253682487725, 46.91597863040311], [57.10003746721618, 52.837140751658076, 58.674304418985265, 55.60294687863513], [56.987635818658674, 53.04276315789473, 52.782324058919805, 52.91222313371616], [56.20082427875609, 52.43790248390064, 46.64484451718494, 49.372022520571676], [57.362307980517045, 53.301886792452834, 55.48281505728314, 54.37048917401764], [56.0134881978269, 51.944894651539705, 52.45499181669394, 52.19869706840391], [56.57549644061446, 52.121212121212125, 63.338788870703766, 57.185075729589954], [57.88684900711877, 54.2608695652174, 51.06382978723404, 52.61382799325464], [56.80029973772949, 52.43128964059197, 60.883797054009825, 56.34229458538432], [58.22405395279131, 55.18913676042677, 46.56301145662848, 50.51043053706169], [57.84938179093293, 54.54545454545454, 47.62684124386252, 50.8519003931848]]}, "test_deadcode": {"label": "Obf: dead code insertion", "accuracy": {"mean": 52.77486256871564, "std": 1.1503544741751963}, "precision": {"mean": 49.075748413226464, "std": 0.753950644493421}, "recall": {"mean": 77.14402618657938, "std": 6.628247219386701}, "f1": {"mean": 59.84606269187197, "std": 1.6850415375376124},