{
  "test_originals": {
    "label": "Originals test",
    "accuracy": {
      "mean": 55.487698264018995,
      "std": 0.9490618345226227
    },
    "precision": {
      "mean": 51.03883386543252,
      "std": 0.8253205986288937
    },
    "recall": {
      "mean": 70.01911001911002,
      "std": 5.303936537314284
    },
    "f1": {
      "mean": 58.931309001948215,
      "std": 1.5493505459037777
    }
  },
  "test_identifier": {
    "label": "Obf: identifier renaming",
    "accuracy": {
      "mean": 57.2124391157737,
      "std": 0.9758273938112928
    },
    "precision": {
      "mean": 53.63574508286986,
      "std": 1.5641919466890277
    },
    "recall": {
      "mean": 51.12656846699401,
      "std": 8.35784096385656
    },
    "f1": {
      "mean": 51.89709284780685,
      "std": 4.089066856769012
    }
  },
  "test_deadcode": {
    "label": "Obf: dead code insertion",
    "accuracy": {
      "mean": 52.77486256871564,
      "std": 1.1503544741751963
    },
    "precision": {
      "mean": 49.075748413226464,
      "std": 0.753950644493421
    },
    "recall": {
      "mean": 77.14402618657938,
      "std": 6.628247219386701
    },
    "f1": {
      "mean": 59.84606269187197,
      "std": 1.6850415375376124
    }
  },
  "test_controlflow": {
    "label": "Obf: control flow obfuscation",
    "accuracy": {
      "mean": 57.95304108904708,
      "std": 1.0134487599096598
    },
    "precision": {
      "mean": 54.112502511793544,
      "std": 1.4173007770743349
    },
    "recall": {
      "mean": 56.12929623567921,
      "std": 8.747704103184828
    },
    "f1": {
      "mean": 54.66257588619886,
      "std": 4.058078830849609
    }
  }
}