{"metrics": {"clean": {"acc": 96.49, "prec": 93.68, "tpr": 93.68, "fpr": 2.43, "f1": 93.68}, "ren": {"acc": 85.82, "prec": 21.06, "tpr": 66.16, "fpr": 13.14, "f1": 31.95}, "dead": {"acc": 97.17, "prec": 59.8, "tpr": 74.16, "fpr": 1.93, "f1": 66.21}, "cf": {"acc": 86.86, "prec": 27.34, "tpr": 59.02, "fpr": 11.16, "f1": 37.37}, "ren_dead": {"acc": 91.38, "prec": 26.99, "tpr": 65.15, "fpr": 7.5, "f1": 38.17}, "ren_cf": {"acc": 89.79, "prec": 31.84, "tpr": 58.7, "fpr": 8.18, "f1": 41.28}, "dead_cf": {"acc": 87.22, "prec": 5.0, "tpr": 32.77, "fpr": 11.75, "f1": 8.68}, "compound": {"acc": 90.21, "prec": 6.6, "tpr": 31.11, "fpr": 8.63, "f1": 10.89}}, "roc_clean": {"probs": [6.727986612276027e-09, 0.41699594259262085, 0.4153566062450409, 1.0, 0.9924250841140747, 1.211793243125064e-21, 0.14137324690818787, 0.06327427923679352, 3.964073766837828e-05, 0.756104052066803, 1.796273174647922e-08, 0.9997485280036926, 1.00151453352737e-06, 0.002436624839901924, 6.742741087695237e-11, 1.0, 0.8852472305297852, 6.266037871682784e-06, 4.1641828874006137e-10, 2.5820678696564307e-20, 0.21354737877845764, 8.18112183130969e-23, 1.2074713157051474e-18, 1.0096670806331432e-30, 8.481779344865253e-41, 1.0, 0.0011435289634391665, 5.76338414989238e-32, 0.5738964080810547, 0.421769917011261, 0.012063038535416126, 1.0, 2.5699484922370175e-06, 9.624164798438528e-10, 0.9760552048683167, 7.135135304157899e-29, 1.0, 1.0, 0.004124689381569624, 0.6847747564315796, 1.6872145012832645e-30, 2.4654680075286706e-08, 0.9988561868667603, 0.0, 1.9850017219128976e-14, 1.0, 1.12944107399926e-08, 0.9995245933532715, 0.0, 1.0, 3.0591883530854664e-21, 1.0729708556565634e-29, 9.249554410252304e-22, 6.423124954412244e-16, 0.005642101168632507, 0.999987006187439, 0.00016643443086650223, 0.0, 8.28655782445791e-24, 2.3311818949878216e-05, 1.0, 0.8628774285316467, 0.999998927116394, 7.006099615524753e-15, 1.488175732547014e-14, 0.08036231249570847, 3.193714566565188e-18, 1.0, 2.293275656484184e-06, 7.230809936653811e-31, 1.8157088006439644e-18, 0.9407728314399719, 1.0, 8.83559525234981e-35, 2.659946034592152e-15, 1.3762205526290927e-06, 1.5130405125212477e-27, 9.530324314255267e-05, 1.309623944093353e-17, 4.952922671986661e-33, 0.9999408721923828, 1.0, 8.389533468289301e-05, 1.543160217665207e-11, 1.2420848349847802e-07, 1.0, 1.7438813251519775e-13, 0.0010365211637690663, 1.0, 1.0997686528225683e-16, 0.0002675200521480292, 1.7818576452555135e-05, 7.526042289374146e-12, 0.9814361929893494, 8.237714207779266e-22, 5.532799773888541e-10, 2.2687305457099084e-32, 3.305342477056078e-25, 0.0, 0.02471381612122059, 1.0, 6.2450612647239716e-15, 0.8901164531707764, 0.023462243378162384, 0.9788228869438171, 0.037453699856996536, 2.6365331359107236e-12, 0.9901123642921448, 0.15332941710948944, 0.7562457919120789, 5.617987795285081e-18, 1.3059189651327826e-22, 0.0, 2.186644736054982e-29, 2.4924887329609127e-20, 3.0699986552917835e-08, 0.003648492507636547, 0.08397284150123596, 2.3542110284324735e-05, 1.0, 0.999911904335022, 0.7340347170829773, 7.240848245839528e-26, 2.270991609093715e-31, 4.010112781932793e-25, 0.1443515419960022, 6.555547337611101e-12, 0.9876283407211304, 0.0003324799763504416, 1.87570648521912e-17, 0.8499419093132019, 2.0997651972720632e-06, 0.5176188945770264, 0.9989197254180908, 0.10856753587722778, 2.536838530736008e-17, 1.0, 3.722741896821065e-23, 0.9578264951705933, 0.03773680701851845, 0.999614953994751, 1.2084931842608573e-20, 0.7649838328361511, 6.884790047095857e-13, 0.9996115565299988, 6.041220041580475e-13, 0.49689167737960815, 1.0, 0.0005047606537118554, 3.2652967389819508e-28, 0.9998601675033569, 8.039409732433504e-20, 0.0005765551468357444, 1.0, 0.8537806272506714, 1.060222754034612e-08, 2.899999982714586e-26, 0.959749698638916, 0.0005464345449581742, 2.2856241095758984e-19, 0.2277555763721466, 2.0227789718774147e-06, 0.00017875350022222847, 0.00010008661774918437, 4.5880184188717976e-05, 0.0, 1.0, 0.012854584492743015, 0.0, 2.1219622794887982e-05, 4.5083140020430473e-17, 1.9933624797851599e-38, 1.8958987157979834e-10, 8.875186561008547e-20, 8.431172487178848e-21, 5.446548756840558e-27, 3.7368991456787626e-08, 1.582884580687091e-20, 0.017632020637392998, 0.9999998807907104, 0.8899217247962952, 0.03578753396868706, 0.9814361929893494, 8.794279892754275e-06, 4.4293068053645555e-15, 0.2315690964460373, 4.675660154732954e-14, 1.0527174036250517e-18, 1.1884457308042329e-05, 3.658773976334615e-20, 1.2042836488035391e-06, 3.944557086181857e-39, 1.0, 1.0, 0.12448661774396896, 0.9999929666519165, 0.02907850220799446, 2.142213351152833e-10, 2.7366160793462768e-05, 7.186530181177969e-33, 1.7313129825179824e-14, 0.9995918869972229, 0.173495352268219, 8.854470975871997e-13, 0.006083250977098942, 2.3381557489426368e-28, 0.7349965572357178, 0.9999970197677612, 0.0, 0.5416505336761475, 0.9985917210578918, 7.604784286741051e-07, 0.9996962547302246, 2.0626878975573814e-31, 1.728016978499924e-22, 5.605193857299268e-45, 0.0, 3.8971311511204476e-08, 0.02337035723030567, 5.650762345515657e-19, 9.378211098323708e-13, 3.746373786146567e-17, 3.72867429238704e-20, 9.692303137853742e-07, 1.0, 4.707567866342565e-30, 0.03073026053607464, 2.0216558868592013e-18, 1.539418763852326e-21, 1.1479309142740187e-25, 1.0428927726946062e-18, 7.933862116484692e-38, 2.2279289080851783e-20, 0.0878831297159195, 1.0, 0.6813756227493286, 4.653627456718823e-07, 2.434175819540628e-34, 0.9976083040237427, 0.9999997615814209, 1.979097032744903e-05, 0.0005047606537118554, 2.0113068250359844e-21, 1.5037871935099506e-13, 0.1739269495010376, 2.90673301606148e-06, 0.09334760159254074, 5.605193857299268e-45, 0.004567310214042664, 0.9052172303199768, 7.901567178336677e-10, 5.615656631818217e-24, 9.124783361817333e-31, 0.00971020944416523, 8.805676743328661e-10, 1.0, 1.8577646365702805e-10, 1.6390218888773234e-06, 1.7455178968894813e-10, 1.0, 4.4304079849233347e-10, 1.0, 0.9998757839202881, 1.0, 1.4368810698027213e-18, 0.014713135547935963, 1.0, 0.989284336566925, 6.142572132927009e-36, 0.030462926253676414, 0.22239810228347778, 5.108252321857574e-19, 0.9999654293060303, 0.7999348640441895, 3.746373786146567e-17, 3.814201558760555e-12, 2.2761989271202765e-07, 5.084094478746692e-09, 2.1440795805460766e-08, 0.1031993106007576, 1.9685515119187564e-18, 0.0003242608217988163, 0.0, 4.93004914670081e-10, 0.02798808179795742, 2.5947627364075743e-05, 1.0, 1.0, 2.4857219060869795e-10, 0.001352381077595055, 0.7986049056053162, 1.0, 0.020435940474271774, 6.216094804688266e-13, 0.0, 9.475918716361775e-09, 8.171886942698607e-16, 6.587506148209021e-13, 6.642419521085685e-06, 9.087498619919643e-05, 1.0, 0.05851610004901886, 6.274100174270975e-29, 1.831650664474438e-10, 1.3453319249302258e-18, 9.077974060047956e-33, 0.0030597171280533075, 0.7987072467803955, 0.006400541868060827, 0.9392983913421631, 1.903770605820676e-16, 0.03683607280254364, 0.01929355040192604, 0.9656916260719299, 5.9466456150403246e-05, 1.2366729999005048e-16, 6.258588262863289e-21, 3.654410469387981e-26, 0.1573198288679123, 5.1796025251894035e-25, 0.013918084092438221, 1.4694654998023693e-12, 7.826891045004114e-12, 0.9999997615814209, 0.9999513626098633, 0.043804652988910675, 1.0, 1.0866122011066182e-06, 0.00045976651017554104, 0.9999955892562866, 1.9682085294903118e-08, 1.0, 1.7564996142027667e-06, 0.9825296401977539, 9.325079135638125e-31, 0.0013023217907175422, 5.725856013475883e-36, 0.0, 0.8535748720169067, 0.01853674277663231, 6.287060309053621e-37, 1.0],