{
  "n_trials": 30,
  "subsample": 5000,
  "feature_source": "TF-IDF on raw C source (word 1-2grams, max 10k, sublinear_tf)",
  "vocab_size": 10000,
  "results": {
    "test_originals": {
      "acc_mean": 60.3237811685895,
      "acc_std": 0.5930005980598211,
      "pr_mean": 56.11655010941482,
      "pr_std": 0.6460465026134687,
      "rc_mean": 59.88308863512779,
      "rc_std": 1.0358319794617847,
      "f1_mean": 57.933122256870085,
      "f1_std": 0.6301110229429219
    },
    "test_identifier": {
      "acc_mean": 59.68490261754127,
      "acc_std": 1.0020744884363464,
      "pr_mean": 56.38531385545052,
      "pr_std": 1.372315774814698,
      "rc_mean": 51.74551386623164,
      "rc_std": 2.633678970873814,
      "f1_mean": 53.916139017223585,
      "f1_std": 1.4492033266010607
    },
    "test_deadcode": {
      "acc_mean": 59.89207294380349,
      "acc_std": 0.7671208276268758,
      "pr_mean": 55.51422216434478,
      "pr_std": 0.9213468076756415,
      "rc_mean": 61.31593257205004,
      "rc_std": 3.208767621812639,
      "f1_mean": 58.21351599822758,
      "f1_std": 1.2461068226136294
    },
    "test_controlflow": {
      "acc_mean": 60.01240540875823,
      "acc_std": 0.6348418691990494,
      "pr_mean": 55.656855394050595,
      "pr_std": 0.7591002293389211,
      "rc_mean": 61.00870038064165,
      "rc_std": 2.1046030287495436,
      "f1_mean": 58.184384235600376,
      "f1_std": 0.8785498920395791
    }
  }
}