{
  "clean": {
    "acc": 51.31086142322098,
    "pr": 48.244824482448244,
    "rc": 87.72504091653029,
    "f1": 62.253193960511034,
    "n": 2670
  },
  "ren": {
    "acc": 53.52059925093633,
    "pr": 49.544364508393286,
    "rc": 84.53355155482815,
    "f1": 62.47354097369217,
    "n": 2670
  },
  "dead": {
    "acc": 45.85987261146497,
    "pr": 45.59810501381761,
    "rc": 94.51718494271685,
    "f1": 61.51797603195739,
    "n": 2669
  },
  "cf": {
    "acc": 46.70411985018726,
    "pr": 46.13312812620238,
    "rc": 98.1178396072013,
    "f1": 62.758440198900814,
    "n": 2670
  },
  "ren_dead": {
    "acc": 46.45934807043837,
    "pr": 45.904234269885244,
    "rc": 94.92635024549918,
    "f1": 61.88316884502534,
    "n": 2669
  },
  "ren_cf": {
    "acc": 45.69288389513109,
    "pr": 45.52590266875981,
    "rc": 94.92635024549918,
    "f1": 61.53846153846154,
    "n": 2670
  },
  "dead_cf": {
    "acc": 45.91760299625468,
    "pr": 45.780832378770526,
    "rc": 98.03761242845462,
    "f1": 62.41540864133264,
    "n": 2670
  },
  "compound": {
    "acc": 45.84269662921348,
    "pr": 45.7296055151283,
    "rc": 97.62878168438267,
    "f1": 62.284820031298906,
    "n": 2670
  },
  "_meta": {
    "model": "vulgnn_withid",
    "seed": 7,
    "codebert_dim": 768,
    "gnn_hidden": 128,
    "combined_dim": 896
  }
}