{
  "n_seeds": 5,
  "seeds": [
    42,
    1337,
    7,
    100,
    999
  ],
  "model": "vulgnn_withid",
  "note": "VulGNN + CodeBERT function-level embedding",
  "clean": {
    "mean": 60.98,
    "std": 1.11,
    "vals": [
      60.44915782907049,
      60.34658511722731,
      62.253193960511034,
      62.307450487268156,
      59.54946131243879
    ]
  },
  "ren": {
    "mean": 58.59,
    "std": 3.36,
    "vals": [
      58.729050279329606,
      52.68045588856057,
      62.47354097369217,
      61.05190787212101,
      58.03035651253089
    ]
  },
  "dead": {
    "mean": 61.19,
    "std": 0.21,
    "vals": [
      61.34185303514377,
      60.947225981055475,
      61.51797603195739,
      61.13349449368789,
      61.00053792361485
    ]
  },
  "cf": {
    "mean": 62.53,
    "std": 0.26,
    "vals": [
      62.43641231593039,
      62.70211016716909,
      62.758440198900814,
      62.70010672358591,
      62.06706981858163
    ]
  },
  "ren_dead": {
    "mean": 61.48,
    "std": 0.28,
    "vals": [
      61.505376344086024,
      61.05320899616018,
      61.88316884502534,
      61.61725067385445,
      61.3174301978856
    ]
  },
  "ren_cf": {
    "mean": 59.88,
    "std": 1.23,
    "vals": [
      59.648142976822115,
      58.323424494649224,
      61.53846153846154,
      61.02535832414554,
      58.840413318025256
    ]
  },
  "dead_cf": {
    "mean": 62.24,
    "std": 0.18,
    "vals": [
      62.25477373790217,
      62.26315789473684,
      62.41540864133264,
      62.375719518576666,
      61.9072708113804
    ]
  },
  "compound": {
    "mean": 62.11,
    "std": 0.27,
    "vals": [
      62.07621550591327,
      62.101910828025474,
      62.284820031298906,
      62.44082062072594,
      61.63222045574987
    ]
  }
}