{
  "clean": {
    "acc": 55.0936329588015,
    "pr": 50.587034201123025,
    "rc": 81.09656301145662,
    "f1": 62.307450487268156,
    "n": 2670
  },
  "ren": {
    "acc": 57.56554307116105,
    "pr": 52.63781861292235,
    "rc": 72.66775777414075,
    "f1": 61.05190787212101,
    "n": 2670
  },
  "dead": {
    "acc": 45.784938179093295,
    "pr": 45.501799280287884,
    "rc": 93.12602291325696,
    "f1": 61.13349449368789,
    "n": 2669
  },
  "cf": {
    "acc": 47.640449438202246,
    "pr": 46.51623119556611,
    "rc": 96.15384615384616,
    "f1": 62.70010672358591,
    "n": 2670
  },
  "ren_dead": {
    "acc": 46.64668415136755,
    "pr": 45.940514469453376,
    "rc": 93.53518821603927,
    "f1": 61.61725067385445,
    "n": 2669
  },
  "ren_cf": {
    "acc": 47.041198501872664,
    "pr": 46.00997506234414,
    "rc": 90.58919803600655,
    "f1": 61.02535832414554,
    "n": 2670
  },
  "dead_cf": {
    "acc": 46.142322097378276,
    "pr": 45.863793766833396,
    "rc": 97.46524938675388,
    "f1": 62.375719518576666,
    "n": 2670
  },
  "compound": {
    "acc": 46.51685393258427,
    "pr": 46.02559131446297,
    "rc": 97.05641864268193,
    "f1": 62.44082062072594,
    "n": 2670
  },
  "_meta": {
    "model": "vulgnn_withid",
    "seed": 100,
    "codebert_dim": 768,
    "gnn_hidden": 128,
    "combined_dim": 896
  }
}