{
  "clean": {
    "acc": 53.59550561797752,
    "pr": 49.53829440521456,
    "rc": 74.63175122749591,
    "f1": 59.54946131243879,
    "n": 2670
  },
  "ren": {
    "acc": 55.46816479400749,
    "pr": 51.02420856610801,
    "rc": 67.26677577741408,
    "f1": 58.03035651253089,
    "n": 2670
  },
  "dead": {
    "acc": 45.67253653053578,
    "pr": 45.43269230769231,
    "rc": 92.7986906710311,
    "f1": 61.00053792361485,
    "n": 2669
  },
  "cf": {
    "acc": 48.31460674157304,
    "pr": 46.730132450331126,
    "rc": 92.38952536824877,
    "f1": 62.06706981858163,
    "n": 2670
  },
  "ren_dead": {
    "acc": 46.53428250281004,
    "pr": 45.84515605999189,
    "rc": 92.5531914893617,
    "f1": 61.3174301978856,
    "n": 2669
  },
  "ren_cf": {
    "acc": 46.29213483146067,
    "pr": 45.31388152077807,
    "rc": 83.87888707037644,
    "f1": 58.840413318025256,
    "n": 2670
  },
  "dead_cf": {
    "acc": 45.84269662921348,
    "pr": 45.66653711620676,
    "rc": 96.07522485690923,
    "f1": 61.9072708113804,
    "n": 2670
  },
  "compound": {
    "acc": 45.767790262172284,
    "pr": 45.589964719717756,
    "rc": 95.09403107113656,
    "f1": 61.63222045574987,
    "n": 2670
  },
  "_meta": {
    "model": "vulgnn_withid",
    "seed": 999,
    "codebert_dim": 768,
    "gnn_hidden": 128,
    "combined_dim": 896
  }
}