{
  "clean": {
    "acc": 52.50936329588015,
    "pr": 48.840725806451616,
    "rc": 79.2962356792144,
    "f1": 60.44915782907049,
    "n": 2670
  },
  "ren": {
    "acc": 55.73033707865168,
    "pr": 51.21802679658952,
    "rc": 68.82160392798691,
    "f1": 58.729050279329606,
    "n": 2670
  },
  "dead": {
    "acc": 45.59760209816411,
    "pr": 45.461720599842145,
    "rc": 94.27168576104746,
    "f1": 61.34185303514377,
    "n": 2669
  },
  "cf": {
    "acc": 47.453183520599254,
    "pr": 46.398726621567846,
    "rc": 95.41734860883797,
    "f1": 62.43641231593039,
    "n": 2670
  },
  "ren_dead": {
    "acc": 46.34694642188085,
    "pr": 45.796637309847874,
    "rc": 93.61702127659575,
    "f1": 61.505376344086024,
    "n": 2669
  },
  "ren_cf": {
    "acc": 45.88014981273408,
    "pr": 45.27342094107672,
    "rc": 87.39770867430443,
    "f1": 59.648142976822115,
    "n": 2670
  },
  "dead_cf": {
    "acc": 45.95505617977528,
    "pr": 45.76923076923077,
    "rc": 97.3017170891251,
    "f1": 62.25477373790217,
    "n": 2670
  },
  "compound": {
    "acc": 45.95505617977528,
    "pr": 45.73973663826491,
    "rc": 96.56582174979559,
    "f1": 62.07621550591327,
    "n": 2670
  },
  "_meta": {
    "model": "vulgnn_withid",
    "seed": 42,
    "codebert_dim": 768,
    "gnn_hidden": 128,
    "combined_dim": 896
  }
}