{
  "clean": {
    "acc": 56.29213483146067,
    "pr": 51.5979081929111,
    "rc": 72.66775777414075,
    "f1": 60.34658511722731,
    "n": 2670
  },
  "ren": {
    "acc": 58.01498127340824,
    "pr": 54.402789886660855,
    "rc": 51.06382978723404,
    "f1": 52.68045588856057,
    "n": 2670
  },
  "dead": {
    "acc": 45.93480704383664,
    "pr": 45.53174282248281,
    "rc": 92.14402618657938,
    "f1": 60.947225981055475,
    "n": 2669
  },
  "cf": {
    "acc": 49.02621722846442,
    "pr": 47.136382365059745,
    "rc": 93.61702127659575,
    "f1": 62.70211016716909,
    "n": 2670
  },
  "ren_dead": {
    "acc": 46.796553016110906,
    "pr": 45.915841584158414,
    "rc": 91.08019639934534,
    "f1": 61.05320899616018,
    "n": 2669
  },
  "ren_cf": {
    "acc": 47.49063670411985,
    "pr": 45.79831932773109,
    "rc": 80.27823240589198,
    "f1": 58.323424494649224,
    "n": 2670
  },
  "dead_cf": {
    "acc": 46.29213483146067,
    "pr": 45.906092355452074,
    "rc": 96.72935404742437,
    "f1": 62.26315789473684,
    "n": 2670
  },
  "compound": {
    "acc": 46.51685393258427,
    "pr": 45.97249508840864,
    "rc": 95.66639411283728,
    "f1": 62.101910828025474,
    "n": 2670
  },
  "_meta": {
    "model": "vulgnn_withid",
    "seed": 1337,
    "codebert_dim": 768,
    "gnn_hidden": 128,
    "combined_dim": 896
  }
}