{
  "model": "microsoft/codebert-base",
  "best_val_f1": 64.37117011963817,
  "test_original": {
    "acc": 54.33569036099739,
    "pr": 49.977507872244715,
    "rc": 90.61990212071778,
    "f1": 64.42447086111916
  },
  "robustness": {
    "obf_identifier": {
      "acc": 53.77744696687756,
      "pr": 49.62581852198316,
      "rc": 86.5415986949429,
      "f1": 63.07966706302022,
      "delta_f1": -1.344803798098944
    },
    "obf_deadcode": {
      "acc": 48.120580573129885,
      "pr": 46.754250386398766,
      "rc": 98.69494290375204,
      "f1": 63.45044572627163,
      "delta_f1": -0.9740251348475297
    },
    "obf_controlflow": {
      "acc": 46.296985485671755,
      "pr": 45.89792060491493,
      "rc": 99.02120717781403,
      "f1": 62.72281064324464,
      "delta_f1": -1.7016602178745188
    }
  }
}